Num Training Games,Scores,Mean Score,Standard Deviation
25,"[-452.0, -406.0, -451.0, -405.0, -387.0, -378.0, -437.0, -369.0, -370.0, -369.0]",-402.4,33.58637289801393,0.0
50,"[-484.0, -362.0, -328.0, -406.0, -329.0, -481.0, -333.0, -329.0, -331.0, -475.0]",-385.8,69.29935064630837,0.0
100,"[-334.0, -335.0, -306.0, -369.0, -449.0, -334.0, -437.0, -335.0, -432.0, -344.0]",-367.5,51.989849436639496,0.0
200,"[-315.0, -315.0, -315.0, -344.0, -459.0, -452.0, -433.0, -314.0, -333.0, -432.0]",-371.2,63.85713220411118,0.0
300,"[-330.0, -420.0, -405.0, -316.0, -378.0, -307.0, -318.0, -335.0, -318.0, -321.0]",-344.8,40.7670891229133,0.0
400,"[-320.0, -370.0, -370.0, -334.0, -323.0, -314.0, -448.0, -421.0, -387.0, -315.0]",-360.2,47.35163965247431,0.0
500,"[-326.0, -306.0, -326.0, -450.0, -323.0, -426.0, -315.0, -331.0, -325.0, -423.0]",-355.1,54.64318601415713,0.0
